model,text,reference,time,wer,cer,bleu_avg,rouge1_avg_f1,rougeL_avg_f1,levenshtein_avg,coqui_model,speaker_gender
Vosk STT (Small IT),agente si invia ma eri in servizio si inalazione di divieto di sosta leone one del forte entrare venti tu enti five invia roma se venti seven palermo auto coinvolta volkswagen golf targa giza furono un tre fittizi,"Agente Silvia Neri in servizio. Segnalazione di divieto di sosta alle 01:01 del 14/03/2025, in via Roma 77, Palermo. Auto coinvolta: Volkswagen Golf, targa ZA456QP.",0.8940856456756592,1.24,0.6158536585365854,0.06977877744524465,0.45454545454545453,0.45454545454545453,101.0,tts_models/it/mai_male/glow-tts,male
Vosk STT (Small IT),agente giulia costa in servizio segnalazione di divieto di sosta leone questione del che fitta rete tenti file inviata e valli e scienze avuto coinvolta che ha panda targa tarragona non tenti faresti,"Agente Giulia Costa in servizio. Segnalazione di divieto di sosta alle 01:51 del 30/03/2025, in via Garibaldi 11, Firenze. Auto coinvolta: Fiat Panda, targa AB123CD.",1.121220350265503,1.04,0.5696969696969697,0.08086779582453094,0.4590163934426229,0.4590163934426229,94.0,tts_models/it/mai_female/glow-tts,female
Vosk STT (Small IT),alla gente da bianchi alle ore file e renderti è sempre denti tenti five o rilevato un infrazione per parcheggio suo strisce pedonali via villano tenti può fuori veicolo saggia il vuol far stare ombre che ti forma,"Sono l'agente Anna Bianchi. Alle ore 05:11 del 13/03/2025, ho rilevato un'infrazione per parcheggio su strisce pedonali in via Milano 24, Torino. Veicolo: Volkswagen Golf, targa FG234LM.",1.1186926364898682,1.1851851851851851,0.5698924731182796,0.01676652429098026,0.34782608695652173,0.34782608695652173,106.0,tts_models/it/mai_female/glow-tts,female
Vosk STT (Small IT),infrazione riscontrata doppia fila posizione corso buenos aires semine di età milano ora futuro fatti seven data sistema interventi tu enti five auto e un'alta io targa un è un direttore enti era ehi agente mario rossi,"Infrazione riscontrata: doppia fila. Posizione: corso Buenos Aires 98, Milano. Ora: 04:47, Data: 16/03/2025. Auto: Renault Clio, targa AB123CD. Agente: Mario Rossi.",1.016237497329712,1.5454545454545454,0.7195121951219512,0.0065958005888164355,0.5161290322580645,0.5161290322580645,118.0,tts_models/it/mai_male/glow-tts,male
Vosk STT (Small IT),orienterete senti file vorrei che se veicolo quel corsa tara vuole ombrello tenti therese indietro di sosta presso piazza bene sia rilevato da agente anna avviato,"21/03/2025, ore 08:57: veicolo Opel Corsa, targa AB123CD, in divieto di sosta presso piazza Venezia, Roma. Rilevato da agente Anna Bianchi.",1.0855371952056885,0.9047619047619048,0.60431654676259,0.11177222547202245,0.4,0.4,84.0,tts_models/it/mai_female/glow-tts,female
Vosk STT (Small IT),invase dall'articolo la vita con matto la gente va a agenti riscontrato oggi infrazione invia garibaldi beve firenze le ho detto cessione del senti ne sarei tenti tenti fine veicolo coinvolto panda saprà in silenzio,"In base al articolo 158, comma 2, l'agente Marco Gentili ha riscontrato un'infrazione in via Garibaldi 11, Firenze alle ore 02:51 del 29/03/2025. Veicolo coinvolto: Fiat Panda, targa XY987ZT.",1.3745718002319336,1.1379310344827587,0.5916230366492147,0.006990006728332351,0.28571428571428575,0.2571428571428572,113.0,tts_models/it/mai_female/glow-tts,female
Vosk STT (Small IT),durante il pattugliamenti sola piazza venezia prova la già interna bianchi e rilevato una violazione dell'articolo voleva un fissi sempre con ma l'auto coinvolta e ora volkswagen golf targata ombre che ti forno alle ore penti tre ti sembra il sito internet attenti tenti file,"Durante il pattugliamento in zona piazza Venezia, Roma, l'agente Anna Bianchi ha rilevato una violazione del articolo 157, comma 5. L'auto coinvolta è una Volkswagen Golf targata FG234LM, alle ore 23:57 del 16/03/2025.",1.2309885025024414,1.121212121212121,0.5825688073394495,0.029477809437248103,0.40476190476190477,0.40476190476190477,127.0,tts_models/it/mai_female/glow-tts,female
Vosk STT (Small IT),onnipotenti tenti fire vorrei che tipo veicolo sia panda tagga il terreno tensione in doppia fila presso via minano tenti po' fuori rilevato da agente anna avviato,"01/04/2025, ore 08:32: veicolo Fiat Panda, targa KL321MN, in doppia fila presso via Milano 24, Torino. Rilevato da agente Anna Bianchi.",0.8375179767608643,0.9047619047619048,0.6,0.15450079547146167,0.4313725490196078,0.4313725490196078,81.0,tts_models/it/mai_female/glow-tts,female
Vosk STT (Small IT),verbale di infrazione redatto dal gente luca verdi data e il frequenti tenti fine ora pentito si infrazione parcheggio su strisce pedonali luogo posso buenos aires finirete eta via veicolo panda cara la se non le retini,"Verbale di infrazione redatto dall'agente Luca Verdi. Data: 08/03/2025, ora: 22:16. Infrazione: parcheggio su strisce pedonali. Luogo: corso Buenos Aires 98, Milano. Veicolo: Fiat Panda, targa GH789IJ.",1.326082706451416,1.1481481481481481,0.47761194029850745,0.04171550570587932,0.5294117647058824,0.5294117647058824,96.0,tts_models/it/mai_female/glow-tts,female
Vosk STT (Small IT),giorno tu enti si stereo venti tu enti five alle ore futuro fatti è stato segnalato un'infrazione per divieto di sosta in via roma se venti seven palermo veicolo coinvolto percorsa targa john tre terzi fury agente si via neri,"Il giorno 26/03/2025, alle ore 04:40, è stata segnalata un’infrazione per divieto di sosta in via Roma 77, Palermo. Veicolo coinvolto: Opel Corsa, targa FG234LM. Agente: Silvia Neri.",0.9537618160247803,1.0714285714285714,0.5604395604395604,0.13784906211485343,0.5070422535211268,0.5070422535211268,102.0,tts_models/it/mai_male/glow-tts,male
Vosk STT (Small IT),giorno tu entità reiter entity enti five alle ore tara tu enti five è stato segnalato un'infrazione per zona a rimozione invia roma se venti seven palermo veicolo coinvolto percorsa targa con un tre fitti si se agente giulia costa,"Il giorno 23/03/2025, alle ore 03:25, è stata segnalata un’infrazione per zona rimozione in via Roma 77, Palermo. Veicolo coinvolto: Opel Corsa, targa CD456EF. Agente: Giulia Costa.",0.9513657093048096,1.2222222222222223,0.6077348066298343,0.01643434939684039,0.4571428571428572,0.4571428571428572,110.0,tts_models/it/mai_male/glow-tts,male
Vosk STT (Small IT),durante il pattugliamenti sara via forti fire catania l'agente sarà bellini rilevato una violazione dell'articolo sai con ma sistema l'auto coinvolta e ora volkswagen golf targata saffo congressisti si alle ore for fissi potessi tenera età insistenti fine,"Durante il pattugliamento in zona via Etnea 45, Catania, l'agente Sara Bellini ha rilevato una violazione del articolo 7, comma 15. L'auto coinvolta è una Volkswagen Golf targata ZA456QP, alle ore 04:52 del 16/03/2025.",1.3075520992279053,0.8823529411764706,0.48623853211009177,0.0360737546551436,0.5063291139240507,0.48101265822784817,106.0,tts_models/it/mai_female/glow-tts,female
Vosk STT (Small IT),giorno tahir ti trecentoventi tu enti five alle ore tu enti era è stato segnalata un'infrazione per parcheggio su strisce pedonali in corso buenos aires si minetti età milano veicolo coinvolto ma mossa rione targato furia un tre fitti si agente bellini,"Il giorno 30/03/2025, alle ore 23:08, è stata segnalata un’infrazione per parcheggio su strisce pedonali in corso Buenos Aires 98, Milano. Veicolo coinvolto: BMW Serie 1, targa CD456EF. Agente: Sara Bellini.",1.1193006038665771,1.0,0.5217391304347826,0.15813859795767055,0.5263157894736842,0.5263157894736842,108.0,tts_models/it/mai_male/glow-tts,male
Vosk STT (Small IT),verbale di infrazione re dato dalla gente marco gentili data dirti ogni venti tu enti five ora nine infrazione sosta davanti a passo cary abile luogo di a roma se venti seven palermo veicolo e un'alta dio tacca furono un tre fittizi,"Verbale di infrazione redatto dall'agente Marco Gentili. Data: 31/03/2025, ora: 02:09. Infrazione: sosta davanti a passo carrabile. Luogo: via Roma 77, Palermo. Veicolo: Renault Clio, targa ZA456QP.",1.0722789764404297,1.3333333333333333,0.5303030303030303,0.06501609374991425,0.4324324324324324,0.4324324324324324,105.0,tts_models/it/mai_male/glow-tts,male
Vosk STT (Small IT),infrazione riscontrata solari emozioni posizione corso buenos aires sei metterei la mia ora tevez ero data tenterà venti tenti fine modo volkswagen golf attaccarmi non berretti sarei gente ma concetti,"Infrazione riscontrata: zona rimozione. Posizione: corso Buenos Aires 98, Milano. Ora: 12:00, Data: 10/03/2025. Auto: Volkswagen Golf, targa XY987ZT. Agente: Marco Gentili.",1.3114049434661865,1.3181818181818181,0.6046511627906976,0.006244385951234721,0.3636363636363636,0.3636363636363636,104.0,tts_models/it/mai_female/glow-tts,female
Vosk STT (Small IT),ventitre venti tu enti five ore tuo moventi furono veicolo mercedes classe a targa bon è un tratto enti re in parcheggio su strisce pedonali presso via napoli five napoli rilevato da agente luca verdi,"20/03/2025, ore 02:24: veicolo Mercedes Classe A, targa AB123CD, in parcheggio su strisce pedonali presso via Napoli 5, Napoli. Rilevato da agente Luca Verdi.",0.7980115413665771,0.9583333333333334,0.5253164556962026,0.19121616355935117,0.6557377049180328,0.6557377049180328,83.0,tts_models/it/mai_male/glow-tts,male
Vosk STT (Small IT),giorno tentare venti tu enti five alle ore tu enti tuo certi aeree è stato segnalata un'infrazione per parcheggio su strisce pedonali in via del corso tu elva from veicolo coinvolto tu io tariq targa che furono un tre fitti si se agente carlo bruni,"Il giorno 10/03/2025, alle ore 22:33, è stata segnalata un’infrazione per parcheggio su strisce pedonali in via del Corso 12, Roma. Veicolo coinvolto: Toyota Yaris, targa CD456EF. Agente: Carlo Bruni.",0.9460363388061523,1.0666666666666667,0.555,0.1750810269316663,0.5384615384615385,0.5384615384615385,111.0,tts_models/it/mai_male/glow-tts,male
Vosk STT (Small IT),durante il quattro gli elementi sola via la forti fire catania l'agente carlo punita rilevato una violazione dell'articolo sai con ma sistema la avuto coinvolta una vi farete arrivata vuole tenti therese agli ore ted forti si dev'essere tenti tenti file,"Durante il pattugliamento in zona via Etnea 45, Catania, l'agente Carlo Bruni ha rilevato una violazione del articolo 7, comma 15. L'auto coinvolta è una Audi A3 targata AB123CD, alle ore 12:46 del 11/03/2025.",1.220581293106079,1.0,0.5885167464114832,0.029335609328344198,0.3414634146341463,0.3414634146341463,123.0,tts_models/it/mai_female/glow-tts,female
Vosk STT (Small IT),in base alla piccolo ho non graffiti se con ma file l'agente sarà bellini riscontrato un ti infrazione in piazza beh sia alle ore si tempo finire del senso referenti tenti file veicolo coinvolto palla grandine di ehi,"In base al articolo 157, comma 5, l'agente Sara Bellini ha riscontrato un'infrazione in piazza Venezia, Roma alle ore 16:49 del 21/03/2025. Veicolo coinvolto: Fiat Panda, targa TR098YU.",1.1240274906158447,1.1071428571428572,0.6216216216216216,0.017335685887215155,0.41666666666666663,0.41666666666666663,115.0,tts_models/it/mai_female/glow-tts,female
Vosk STT (Small IT),sono l'agente marco agenti alle ore nine sistema del terrei there venti tu enti five o rilevato un'infrazione per parcheggio su strisce pedonali invia napoli five napoli veicolo mercedes classe la targa un è un tre tu enti erede,"Sono l'agente Marco Gentili. Alle ore 09:16 del 03/03/2025, ho rilevato un'infrazione per parcheggio su strisce pedonali in via Napoli 5, Napoli. Veicolo: Mercedes Classe A, targa AB123CD.",0.9073817729949951,1.0357142857142858,0.4787234042553192,0.16080715767173956,0.5753424657534246,0.5753424657534246,90.0,tts_models/it/mai_male/glow-tts,male
Vosk STT (Small IT),internet mentito enti five ore seventeen mine tekken veicolo mercedes classe targa furia un tre fitti si se in doppia fila presso corso buenos aires minetti eta milano rilevato da agente giulia costa,"13/03/2025, ore 17:19: veicolo Mercedes Classe A, targa CD456EF, in doppia fila presso corso Buenos Aires 98, Milano. Rilevato da agente Giulia Costa.",0.850867509841919,1.0434782608695652,0.6266666666666667,0.1322036960497208,0.6101694915254238,0.6101694915254238,94.0,tts_models/it/mai_male/glow-tts,male
Vosk STT (Small IT),venti mettere venti tu enti five ore tempo even veicolo boom serie one targa ho un tre toglierti fury in sosta davanti a passo carabine presso corso buenos aires si minetti età milano rilevato da agente anna bianchi,"28/03/2025, ore 10:11: veicolo BMW Serie 1, targa FG234LM, in sosta davanti a passo carrabile presso corso Buenos Aires 98, Milano. Rilevato da agente Anna Bianchi.",0.9647824764251709,1.0,0.5975609756097561,0.12496315176496602,0.5671641791044776,0.5671641791044776,98.0,tts_models/it/mai_male/glow-tts,male
Vosk STT (Small IT),agente sarà bellini in servizio segnalazione di doppia fila lei tatti e tende il tuo è il vetere venti tu enti five invia napoli five napoli auto coinvolta mamma masserie one targa un neon trees tu enti erede,"Agente Sara Bellini in servizio. Segnalazione di doppia fila alle 08:13 del 12/03/2025, in via Napoli 5, Napoli. Auto coinvolta: BMW Serie 1, targa AB123CD.",0.8326280117034912,1.32,0.6538461538461539,0.02741012610241837,0.39999999999999997,0.39999999999999997,102.0,tts_models/it/mai_male/glow-tts,male
Vosk STT (Small IT),si presenti tenti fine ho detto che se lei colori per far forma andra effetti si indietro di sosta adesso via del corso roy rilevato la agente giulia cosa,"30/03/2025, ore 02:37: veicolo Audi A3, targa CD456EF, in divieto di sosta presso via del Corso 12, Roma. Rilevato da agente Giulia Costa.",0.9394509792327881,1.0869565217391304,0.6086956521739131,0.020465705230778918,0.29090909090909095,0.29090909090909095,84.0,tts_models/it/mai_female/glow-tts,female
Vosk STT (Small IT),sono l'agente julie costa alle ore fora tu entity erede il five there talenti tu enti five o rilevato un'infrazione per divieto di sosta in via napoli five napoli veicolo al di atara ehi targa che seven londra dei dei tini,"Sono l'agente Giulia Costa. Alle ore 04:23 del 05/03/2025, ho rilevato un'infrazione per divieto di sosta in via Napoli 5, Napoli. Veicolo: Audi A3, targa GH789IJ.",0.8152942657470703,1.1538461538461537,0.656441717791411,0.17558199612672082,0.5135135135135135,0.5135135135135135,107.0,tts_models/it/mai_male/glow-tts,male
Vosk STT (Small IT),invase all'articolo seven con ma fitti l'agente mario rossi a riscontrato un'infrazione in via del corso tu elva roma alle ore fitte infatti del tuo enti tuo terez venti tu enti five veicolo coinvolto ken avuta io targa che furono un tra il fitti si si,"In base al articolo 7, comma 15, l'agente Mario Rossi ha riscontrato un'infrazione in via del Corso 12, Roma alle ore 15:40 del 22/03/2025. Veicolo coinvolto: Renault Clio, targa CD456EF.",0.9253585338592529,1.2333333333333334,0.6470588235294118,0.09355294088012146,0.4523809523809524,0.4523809523809524,121.0,tts_models/it/mai_male/glow-tts,male
Vosk STT (Small IT),in base alla ti coloni un re fitti seven con ma five l'agente sara bellini a riscontrate un'infrazione invia milano tu enti furono torino alle ore tu enti iphone venti un del five vetere venti tu enti five veicolo coinvolto fi e panda targa treni ne tenga tu,"In base al articolo 157, comma 5, l'agente Sara Bellini ha riscontrato un'infrazione in via Milano 24, Torino alle ore 21:21 del 05/03/2025. Veicolo coinvolto: Fiat Panda, targa TR098YU.",1.0403525829315186,1.4137931034482758,0.6827956989247311,0.011440503453835606,0.40476190476190477,0.40476190476190477,127.0,tts_models/it/mai_male/glow-tts,male
Vosk STT (Small IT),giorno forte internet mentito enti five alle ore forte in five è stato segnalata un'infrazione per doppia fila in piazza venezia roma veicolo coinvolto ti panda targa già furono un tre fittizi agente sarà bellini,"Il giorno 14/03/2025, alle ore 14:05, è stata segnalata un’infrazione per doppia fila in piazza Venezia, Roma. Veicolo coinvolto: Fiat Panda, targa ZA456QP. Agente: Sara Bellini.",0.9136910438537598,0.9615384615384616,0.5112359550561798,0.12729922658368398,0.5937499999999999,0.5937499999999999,91.0,tts_models/it/mai_male/glow-tts,male
Vosk STT (Small IT),agente julie costa in servizio segnalazione di doppia fila alle five attimino del tuo enti fi vetere tu enti tu enti five in via del corso tu elva roma auto coinvolta volkswagen golf targa terra è un tre tu enti omen,"Agente Giulia Costa in servizio. Segnalazione di doppia fila alle 05:49 del 25/03/2025, in via del Corso 12, Roma. Auto coinvolta: Volkswagen Golf, targa KL321MN.",0.8431806564331055,1.24,0.6234567901234568,0.08863388829112887,0.588235294117647,0.588235294117647,101.0,tts_models/it/mai_male/glow-tts,male
Vosk STT (Small IT),gente arrabbiati chiesa vizio segnalazione di doppia fiale tenere tenda il ne pensi tenti fine in piazza venezia avuto coinvolta panda saprà in onda senza,"Agente Anna Bianchi in servizio. Segnalazione di doppia fila alle 10:19 del 09/03/2025, in piazza Venezia, Roma. Auto coinvolta: Fiat Panda, targa XY987ZT.",1.092360258102417,0.9565217391304348,0.5290322580645161,0.023956565612760213,0.35294117647058826,0.3137254901960784,82.0,tts_models/it/mai_female/glow-tts,female
Vosk STT (Small IT),alla gente andrà bianchi alle one mile end si stendere tenti tenti file ok rilevato un infrazione per parcheggio suo strisce pedonali invia minano tenti può fuori veicolo volkswagen golf stare un detenzione,"Sono l'agente Anna Bianchi. Alle ore 01:19 del 15/03/2025, ho rilevato un'infrazione per parcheggio su strisce pedonali in via Milano 24, Torino. Veicolo: Volkswagen Golf, targa KL321MN.",1.1422576904296875,1.037037037037037,0.46774193548387094,0.01786336545684448,0.3692307692307692,0.3692307692307692,87.0,tts_models/it/mai_female/glow-tts,female
Vosk STT (Small IT),verbale di infrazione re dato dalla gente marco gentili data tu internet mentito enti five ora zero sistemi infrazione divieto di sosta luogo via milano tu enti furono torino veicolo al di a tre targa con un tre fitti si te,"Verbale di infrazione redatto dall'agente Marco Gentili. Data: 20/03/2025, ora: 00:16. Infrazione: divieto di sosta. Luogo: via Milano 24, Torino. Veicolo: Audi A3, targa CD456EF.",0.9720587730407715,1.4,0.5810055865921788,0.014906383786801687,0.48571428571428565,0.48571428571428565,104.0,tts_models/it/mai_male/glow-tts,male
Vosk STT (Small IT),vale d'infrazione redatto dal gente ma cocenti stata deve stare attenti tenti fine ora sentito che infrazione accesso vietato luogo di annapolis cile tacoli veicolo macerie one solo ombra si si si,"Verbale di infrazione redatto dall'agente Marco Gentili. Data: 12/03/2025, ora: 22:39. Infrazione: accesso vietato. Luogo: via Napoli 5, Napoli. Veicolo: BMW Serie 1, targa CD456EF.",1.2767069339752197,1.24,0.5580110497237569,0.00825101291002796,0.2903225806451613,0.2580645161290323,101.0,tts_models/it/mai_female/glow-tts,female
Vosk STT (Small IT),agente luca verdi in servizio segnalazione di parcheggio su strisce pedonali a leone fissi si resistere venti tu enti five in via e te ne ha forti five catania auto coinvolta o mossa rione targa che terrei un tre tu enti johnny,"Agente Luca Verdi in servizio. Segnalazione di parcheggio su strisce pedonali alle 01:56 del 06/03/2025, in via Etnea 45, Catania. Auto coinvolta: BMW Serie 1, targa KL321MN.",0.9189355373382568,1.2222222222222223,0.6091954022988506,0.10012706930830187,0.4722222222222222,0.4722222222222222,106.0,tts_models/it/mai_male/glow-tts,male
Vosk STT (Small IT),verbale di infrazione redatto dal agente sarà belli data che sempre venti tenti fine ora tensione e infrazione sosta davanti a passo cara abile luogo posso buenos aires finirete eta via veicolo tota vari si ragazza furono si si si,"Verbale di infrazione redatto dall'agente Sara Bellini. Data: 13/03/2025, ora: 21:32. Infrazione: sosta davanti a passo carrabile. Luogo: corso Buenos Aires 98, Milano. Veicolo: Toyota Yaris, targa ZA456QP.",1.2861974239349365,1.1785714285714286,0.49514563106796117,0.08318017792663579,0.4444444444444445,0.4444444444444445,102.0,tts_models/it/mai_female/glow-tts,female
Vosk STT (Small IT),sono l'agente mario rossi alle ore si te in se rende il five eternit venti tu enti five o rilevato un'infrazione per parcheggio su strisce pedonali in corso buenos aires semini ti età milano veicolo tu io tagliare targa i mineo neon tre dei dissolvenza,"Sono l'agente Mario Rossi. Alle ore 16:07 del 05/03/2025, ho rilevato un'infrazione per parcheggio su strisce pedonali in corso Buenos Aires 98, Milano. Veicolo: Toyota Yaris, targa XY987ZT.",1.0677523612976074,1.1785714285714286,0.6,0.18324595502753754,0.55,0.55,114.0,tts_models/it/mai_male/glow-tts,male
Vosk STT (Small IT),tentare tu enti tu enti five ore e pentirti veicolo tooth aris targa tra minetti e che tu individuato di sosta presso via del corso tu elva room rilevato da agente marco gentili,"14/03/2025, ore 13:33: veicolo Toyota Yaris, targa TR098YU, in divieto di sosta presso via del Corso 12, Roma. Rilevato da agente Marco Gentili.",0.9419822692871094,1.0,0.5763888888888888,0.1322036960497208,0.47457627118644075,0.47457627118644075,83.0,tts_models/it/mai_male/glow-tts,male
Vosk STT (Small IT),alla gente va oggetti alle ore ehi io ti ford essere attenti tenti fire può rilevato un d'infrazione per doppia fila in via per va di firenze veicolo qualcosa stata nina un senso,"Sono l'agente Marco Gentili. Alle ore 08:34 del 19/03/2025, ho rilevato un'infrazione per doppia fila in via Garibaldi 11, Firenze. Veicolo: Opel Corsa, targa XY987ZT.",1.167771339416504,1.04,0.5568862275449101,0.11436433361427001,0.37500000000000006,0.37500000000000006,93.0,tts_models/it/mai_female/glow-tts,female
Vosk STT (Small IT),il giorno si presenti tenti fine alle ho detto che sito è stato assegnato a un'infrazione per accesso vietato via valli firenze veicolo coinvolto molto saggia il volta che ti forma gente silvia yankee,"Il giorno 06/03/2025, alle ore 02:52, è stata segnalata un’infrazione per accesso vietato in via Garibaldi 11, Firenze. Veicolo coinvolto: Volkswagen Golf, targa FG234LM. Agente: Silvia Neri.",1.0760531425476074,1.037037037037037,0.5026178010471204,0.03348928509624719,0.40625,0.40625,96.0,tts_models/it/mai_female/glow-tts,female
Vosk STT (Small IT),gente va a agenti in servizio segnalazione di sosta davanti a passo arrabbi e lei è enti ford è sempre tenti tenti file in corso buenos aires segreti eta mia cosa coinvolta eccesso già sera sacra termine ti ehi,"Agente Marco Gentili in servizio. Segnalazione di sosta davanti a passo carrabile alle 18:24 del 07/03/2025, in corso Buenos Aires 98, Milano. Auto coinvolta: Mercedes Classe A, targa TR098YU.",1.1712121963500977,1.0689655172413792,0.5104166666666666,0.10500614219885059,0.40579710144927533,0.37681159420289856,98.0,tts_models/it/mai_female/glow-tts,female
Vosk STT (Small IT),in base alla titoloni un tre fitti seven con ma five l'agente luca verdi riscontrato un'infrazione in via del corso tu elva roman le ore tu elva fissi del seventeen venti tu enti five veicolo coinvolto panda targa ombre terzi forma,"In base al articolo 157, comma 5, l'agente Luca Verdi ha riscontrato un'infrazione in via del Corso 12, Roma alle ore 12:50 del 07/03/2025. Veicolo coinvolto: Fiat Panda, targa FG234LM.",0.958545446395874,1.0666666666666667,0.6162162162162163,0.09968499639681352,0.48717948717948717,0.48717948717948717,114.0,tts_models/it/mai_male/glow-tts,male
Vosk STT (Small IT),verbale d'infrazione redatto dal agente si viene data intermittenti tenti fine ora si fare infrazione sosta davanti a posso cara abile luogo di era ribadire firenze veicolo a via per dare a londra e che ti forma,"Verbale di infrazione redatto dall'agente Silvia Neri. Data: 09/03/2025, ora: 10:53. Infrazione: sosta davanti a passo carrabile. Luogo: via Garibaldi 11, Firenze. Veicolo: Audi A3, targa FG234LM.",1.0677008628845215,1.2222222222222223,0.4897959183673469,0.030656262939096176,0.43478260869565216,0.3768115942028986,96.0,tts_models/it/mai_female/glow-tts,female
Vosk STT (Small IT),giorno tuoi vetere venti tu enti five alle ore tu enti tu enti tuo è stato segnalato un'infrazione per zona a rimozione in piazza venezia roma veicolo coinvolto panda targa onda eter ti forma agente carlo bruni,"Il giorno 12/03/2025, alle ore 20:22, è stata segnalata un’infrazione per zona rimozione in piazza Venezia, Roma. Veicolo coinvolto: Fiat Panda, targa FG234LM. Agente: Carlo Bruni.",0.8713998794555664,1.1153846153846154,0.5,0.03985677924984253,0.5757575757575758,0.5757575757575758,90.0,tts_models/it/mai_male/glow-tts,male
Vosk STT (Small IT),in base alla ti coloni un re fitti seven con ma five la gente anna bianchi a riscontrato un'infrazione in corso buenos aires si ti età milano alle ore tette sistema forte re venti tu enti five veicolo coinvolto avviata re targa un è un diretto enti ehi,"In base al articolo 157, comma 5, l'agente Anna Bianchi ha riscontrato un'infrazione in corso Buenos Aires 98, Milano alle ore 13:06 del 04/03/2025. Veicolo coinvolto: Audi A3, targa AB123CD.",1.029848337173462,1.3333333333333333,0.6230366492146597,0.06084398257751886,0.40963855421686746,0.40963855421686746,119.0,tts_models/it/mai_male/glow-tts,male
Vosk STT (Small IT),alla gente ma oggetti alle ore tenti posso del fiutare pensi tenti fine può rilevato un ti infrazione per divieto di sosta in via del corso veicolo che panda mineo vedi se renzo,"Sono l'agente Marco Gentili. Alle ore 20:41 del 05/03/2025, ho rilevato un'infrazione per divieto di sosta in via del Corso 12, Roma. Veicolo: Fiat Panda, targa XY987ZT.",1.2349321842193604,0.8518518518518519,0.5680473372781065,0.18696425994936555,0.49230769230769234,0.49230769230769234,96.0,tts_models/it/mai_female/glow-tts,female
Vosk STT (Small IT),infrazione riscontrata solari rimozione posizione corso buenos aires sentirete eta mia ora pensi zucchero data venti forse era tenti fiume modo però so io ragazza fondo si si si agente sarà belli,"Infrazione riscontrata: zona rimozione. Posizione: corso Buenos Aires 98, Milano. Ora: 22:00, Data: 24/03/2025. Auto: Renault Clio, targa ZA456QP. Agente: Sara Bellini.",1.427563190460205,1.4090909090909092,0.6428571428571429,0.005834347180338519,0.3508771929824561,0.3508771929824561,108.0,tts_models/it/mai_female/glow-tts,female
Vosk STT (Small IT),agente carlo bruni in servizio segnalazione di sosta davanti a passo carabine alle ten fitti five del tuo enti monetarie venti tu enti five in via del corso tu erbe tom auto coinvolta percorsa corsa targa tre un tre tu enti johnny,"Agente Carlo Bruni in servizio. Segnalazione di sosta davanti a passo carrabile alle 10:55 del 21/03/2025, in via del Corso 12, Roma. Auto coinvolta: Opel Corsa, targa KL321MN.",1.0091867446899414,1.0714285714285714,0.5965909090909091,0.12100858552701568,0.5753424657534247,0.5753424657534247,105.0,tts_models/it/mai_male/glow-tts,male
Vosk STT (Small IT),lettere senti tenti file ora essere forti file veicolo mettere su se ne ho i senza in doppia fila presso via del corso pelle roy rilevato da agente si viene,"19/03/2025, ore 03:45: veicolo Mercedes Classe A, targa XY987ZT, in doppia fila presso via del Corso 12, Roma. Rilevato da agente Silvia Neri.",1.0821425914764404,0.9130434782608695,0.5915492957746479,0.1771672685027266,0.3928571428571428,0.3928571428571428,84.0,tts_models/it/mai_female/glow-tts,female
Vosk STT (Small IT),gente luca beth in servizio segnalazione di divieto di sosta alle sette anni le tende offre pensi tenti fine in piazza venezia auto coinvolta reynolds io traverso fondere si si si,"Agente Luca Verdi in servizio. Segnalazione di divieto di sosta alle 17:19 del 04/03/2025, in piazza Venezia, Roma. Auto coinvolta: Renault Clio, targa ZA456QP.",1.1788153648376465,0.9583333333333334,0.53125,0.13351899845512327,0.48275862068965514,0.48275862068965514,85.0,tts_models/it/mai_female/glow-tts,female
Vosk STT (Small IT),verbale di infrazione re dato dall'agente marco gentili data fish tentare venti tu enti five ora mine tendone infrazione doppia fila luogo piazza venezia roma veicolo volkswagen golf targa ho un tre toglierti fury,"Verbale di infrazione redatto dall'agente Marco Gentili. Data: 15/03/2025, ora: 19:01. Infrazione: doppia fila. Luogo: piazza Venezia, Roma. Veicolo: Volkswagen Golf, targa FG234LM.",1.0353152751922607,1.2173913043478262,0.4861878453038674,0.015237428485138389,0.6451612903225806,0.6451612903225806,88.0,tts_models/it/mai_male/glow-tts,male
Vosk STT (Small IT),in base alla tipo lo sei con ma fissare la gente si via erica riscontrava un infrazione vi abbiano tenti foro torino alle ore niente vede stenti ne sarei sentita scientifica veicolo coinvolto panda saprà in silenzio,"In base al articolo 7, comma 15, l'agente Silvia Neri ha riscontrato un'infrazione in via Milano 24, Torino alle ore 19:12 del 29/03/2025. Veicolo coinvolto: Fiat Panda, targa XY987ZT.",1.3058090209960938,1.1724137931034482,0.5978260869565217,0.01332691735545882,0.3380281690140845,0.28169014084507044,110.0,tts_models/it/mai_female/glow-tts,female
Vosk STT (Small IT),infrazione riscontrata divieto di sosta posizione via del corso te vero ora sentito fosse data siete pensi tenti fine nuovo però torio targata caminetti hai agente sarà belli,"Infrazione riscontrata: divieto di sosta. Posizione: via del Corso 12, Roma. Ora: 22:14, Data: 05/03/2025. Auto: Renault Clio, targa TR098YU. Agente: Sara Bellini.",1.2572283744812012,1.0434782608695652,0.5337423312883436,0.020086936595190463,0.4444444444444445,0.4444444444444445,87.0,tts_models/it/mai_female/glow-tts,female
Vosk STT (Small IT),i giorno tu entità reiter jet venti tu enti five alle ore i dite in certi one è stata segnalata un'infrazione per parcheggio su strisce pedonali in via e te etnia forti five catania veicolo coinvolto ti e panda targa già furono un tre fittizi agente mario rossi,"Il giorno 23/03/2025, alle ore 18:31, è stata segnalata un’infrazione per parcheggio su strisce pedonali in via Etnea 45, Catania. Veicolo coinvolto: Fiat Panda, targa ZA456QP. Agente: Mario Rossi.",1.182661771774292,1.1724137931034482,0.5939086294416244,0.15952108192798922,0.5499999999999999,0.5499999999999999,117.0,tts_models/it/mai_male/glow-tts,male
Vosk STT (Small IT),agente luca verdi in servizio segnalazione di divieto di sosta alle tekken seventeen delfi vetere venti tu enti five invia roma se venti seven palermo auto coinvolta al di atara targa avon è un diretto enti ehi,"Agente Luca Verdi in servizio. Segnalazione di divieto di sosta alle 10:17 del 05/03/2025, in via Roma 77, Palermo. Auto coinvolta: Audi A3, targa AB123CD.",0.9962983131408691,1.2,0.6516129032258065,0.10146459445560989,0.5,0.5,101.0,tts_models/it/mai_male/glow-tts,male
Vosk STT (Small IT),verbale di infrazione redatto dall'agente anna bianchi data tu enti fi vetere tu enti tu enti five ora tu enti tuo quanti file infrazione zona a rimozione luogo corso buenos aires si ninetta milano veicolo mercedes classe targa confusa un tre fitti si se,"Verbale di infrazione redatto dall'agente Anna Bianchi. Data: 25/03/2025, ora: 22:25. Infrazione: zona rimozione. Luogo: corso Buenos Aires 98, Milano. Veicolo: Mercedes Classe A, targa CD456EF.",1.120619297027588,1.4230769230769231,0.6185567010309279,0.05992026878339571,0.6133333333333334,0.5866666666666667,120.0,tts_models/it/mai_male/glow-tts,male
Vosk STT (Small IT),durante il quanto gli eventi sara via per va di firenze l'agente anna avviati a rilevato una violazione dell'articolo con ma sistema l'auto coinvolta e una panda targata ombre che si forma alle orecchie e nei tende leva interventi tenti fine,"Durante il pattugliamento in zona via Garibaldi 11, Firenze, l'agente Anna Bianchi ha rilevato una violazione del articolo 7, comma 15. L'auto coinvolta è una Fiat Panda targata FG234LM, alle ore 13:18 del 11/03/2025.",1.2179088592529297,0.9705882352941176,0.5161290322580645,0.030118579559893055,0.43902439024390244,0.43902439024390244,112.0,tts_models/it/mai_female/glow-tts,female
Vosk STT (Small IT),verbale d'infrazione redatto dal gente ma io rossi data pensi si presenti tenti fine ora si si si se infrazione doppia fila luogo via napoli uscire tacoli veicolo ho il cosa cambia se non lei di nine,"Verbale di infrazione redatto dall'agente Mario Rossi. Data: 26/03/2025, ora: 05:57. Infrazione: doppia fila. Luogo: via Napoli 5, Napoli. Veicolo: Opel Corsa, targa GH789IJ.",1.2313206195831299,1.4583333333333333,0.5517241379310345,0.007494276366370973,0.4242424242424242,0.3939393939393939,96.0,tts_models/it/mai_female/glow-tts,female
Vosk STT (Small IT),gente luca beth in servizio segnalazione di zona a rimozione alle niente il fiore del sistema tenti tenti fine invia mia roventi forza fuori dall'auto coinvolta avvia tre furono andrà effetti si,"Agente Luca Verdi in servizio. Segnalazione di zona rimozione alle 19:31 del 15/03/2025, in via Milano 24, Torino. Auto coinvolta: Audi A3, targa CD456EF.",1.3030359745025635,1.0833333333333333,0.6428571428571429,0.019310235945664556,0.36666666666666664,0.36666666666666664,99.0,tts_models/it/mai_female/glow-tts,female
Vosk STT (Small IT),agente sarà bellini in servizio segnalazione di divieto di sosta le sei finto del senti sia interventi senti file in corso buenos aires e mia auto coinvolta volkswagen golf attaccarmi in silenzio,"Agente Sara Bellini in servizio. Segnalazione di divieto di sosta alle 07:52 del 25/03/2025, in corso Buenos Aires 98, Milano. Auto coinvolta: Volkswagen Golf, targa XY987ZT.",1.4073779582977295,0.9230769230769231,0.45977011494252873,0.09279771067975602,0.5901639344262296,0.5901639344262296,80.0,tts_models/it/mai_female/glow-tts,female
Vosk STT (Small IT),agente sarà bellini in servizio segnalazione di divieto di sosta le senti senti piu intelligenti tenti chi è in corso buenos aires si eta mia auto coinvolta tota vari si a sua furono se stessi,"Agente Sara Bellini in servizio. Segnalazione di divieto di sosta alle 07:13 del 25/03/2025, in corso Buenos Aires 98, Milano. Auto coinvolta: Toyota Yaris, targa ZA456QP.",1.173170804977417,1.0769230769230769,0.47953216374269003,0.08170418210184782,0.47619047619047616,0.47619047619047616,82.0,tts_models/it/mai_female/glow-tts,female
Vosk STT (Small IT),in base alla tipo polo vuole londra è fissata con matto l'agente anna bianchi e riscontrato un d'infrazione mia roba senti se palermo alle ore tre forti senza il tenti si tre insistenti file veicolo coinvolto quel corsa caria la se non deve finire,"In base al articolo 158, comma 2, l'agente Anna Bianchi ha riscontrato un'infrazione in via Roma 77, Palermo alle ore 03:47 del 26/03/2025. Veicolo coinvolto: Opel Corsa, targa GH789IJ.",1.4513263702392578,1.3448275862068966,0.6810810810810811,0.011649284259158212,0.37974683544303794,0.37974683544303794,126.0,tts_models/it/mai_female/glow-tts,female
Vosk STT (Small IT),verbale di infrazione redatto dal agente carlo pruni data attraenti metterete mentito enti five ora totem infrazione divieto di sosta luogo via milano tu enti furono torino veicolo volkswagen golf targa treni ne tenga tu,"Verbale di infrazione redatto dall'agente Carlo Bruni. Data: 21/03/2025, ora: 02:10. Infrazione: divieto di sosta. Luogo: via Milano 24, Torino. Veicolo: Volkswagen Golf, targa TR098YU.",1.0591957569122314,1.12,0.5135135135135135,0.03595440480647048,0.625,0.625,95.0,tts_models/it/mai_male/glow-tts,male
Vosk STT (Small IT),agente julie costa in servizio segnalazione di divieto di sosta alle tenti one two entità il tentare venti tu enti five invia garibaldi l'evento firenze auto coinvolta che panda targa tre un tre tu enti johnny,"Agente Giulia Costa in servizio. Segnalazione di divieto di sosta alle 21:28 del 10/03/2025, in via Garibaldi 11, Firenze. Auto coinvolta: Fiat Panda, targa KL321MN.",1.0046534538269043,1.16,0.5878787878787879,0.10440864748411478,0.49230769230769234,0.49230769230769234,97.0,tts_models/it/mai_male/glow-tts,male
Vosk STT (Small IT),infrazione riscontrata doppia fila posizione via ti mia forti five catania ora tempo fa si data trentini mettere i venti tu enti five auto volkswagen golf targa che seven un tre dei definirei agente luca verdi,"Infrazione riscontrata: doppia fila. Posizione: via Etnea 45, Catania. Ora: 13:46, Data: 29/03/2025. Auto: Volkswagen Golf, targa GH789IJ. Agente: Luca Verdi.",1.138627529144287,1.5714285714285714,0.7151898734177216,0.006787181501568368,0.5333333333333333,0.5333333333333333,113.0,tts_models/it/mai_male/glow-tts,male
Vosk STT (Small IT),alla gente darlo alle ore forse tre tenti tenti file può rilevato un infrazione per divieto di sosta in via milano tenti po' fuori veicolo che panda saprà mineo delle lieti se renzo,"Sono l'agente Carlo Bruni. Alle ore 14:10 del 05/03/2025, ho rilevato un'infrazione per divieto di sosta in via Milano 24, Torino. Veicolo: Fiat Panda, targa XY987ZT.",1.0950841903686523,1.0,0.5602409638554217,0.14868720326332424,0.4375,0.4375,93.0,tts_models/it/mai_female/glow-tts,female
Vosk STT (Small IT),sono l'agente mario rossi alle ore tu antigone tu enti nine del vetere venti tu enti five o rilevato un'infrazione per accesso vietato in via mia forti five a tania veicolo in corsa targa furia un tre fittizi,"Sono l'agente Mario Rossi. Alle ore 21:29 del 05/03/2025, ho rilevato un'infrazione per accesso vietato in via Etnea 45, Catania. Veicolo: Opel Corsa, targa CD456EF.",0.9048337936401367,1.08,0.593939393939394,0.16521691795932783,0.5428571428571427,0.5428571428571427,98.0,tts_models/it/mai_male/glow-tts,male
Vosk STT (Small IT),giorno tu enti e get entity lenti five alle ore i dite in fatti seven è stato segnalato un'infrazione per accesso vietato invia napoli five napoli veicolo coinvolto un'alta dio targa che era è un tre tu enti johnny agente sarà bellini,"Il giorno 28/03/2025, alle ore 18:47, è stata segnalata un’infrazione per accesso vietato in via Napoli 5, Napoli. Veicolo coinvolto: Renault Clio, targa KL321MN. Agente: Sara Bellini.",1.1573777198791504,1.3333333333333333,0.6141304347826086,0.03166295944517739,0.4444444444444444,0.41666666666666663,113.0,tts_models/it/mai_male/glow-tts,male
Vosk STT (Small IT),durante il pattugliamento insomma via miglia no tu enti futuro torino l'agente si via neri a rilevato una violazione dell'articolo seven con ma fitti l'auto coinvolta una mercedes classe a targata un tre terzi forno alle ore tu enti raffi stende il terry tentare venti tu enti five,"Durante il pattugliamento in zona via Milano 24, Torino, l'agente Silvia Neri ha rilevato una violazione del articolo 7, comma 15. L'auto coinvolta è una Mercedes Classe A targata FG234LM, alle ore 23:15 del 13/03/2025.",1.3187286853790283,1.0857142857142856,0.5388127853881278,0.03184072509309614,0.48888888888888893,0.48888888888888893,118.0,tts_models/it/mai_male/glow-tts,male
Vosk STT (Small IT),invasa da quando sei con mafia e l'agente si via erica riscontrato infrazione in corso vuoi no si è segreti eta mi hanno le essere lezione destituzione farete insistenti fine veicolo coinvolto era un foglio fu londra e fittizi,"In base al articolo 7, comma 15, l'agente Silvia Neri ha riscontrato un'infrazione in corso Buenos Aires 98, Milano alle ore 03:31 del 31/03/2025. Veicolo coinvolto: Renault Clio, targa CD456EF.",1.3326048851013184,1.1666666666666667,0.634020618556701,0.011931001236437418,0.24324324324324323,0.2162162162162162,123.0,tts_models/it/mai_female/glow-tts,female
Vosk STT (Small IT),invasa da ti pollo o londra fitti se con ma file l'agente carlo pruni riscontrato un d'infrazione invia ha forti file catania alle ore che finire le sitter attenti tenti fine veicolo coinvolto avviata re a a che ti forma,"In base al articolo 157, comma 5, l'agente Carlo Bruni ha riscontrato un'infrazione in via Etnea 45, Catania alle ore 11:39 del 06/03/2025. Veicolo coinvolto: Audi A3, targa FG234LM.",1.401703119277954,1.2758620689655173,0.6318681318681318,0.012287542170364497,0.31578947368421056,0.2894736842105263,115.0,tts_models/it/mai_female/glow-tts,female
Vosk STT (Small IT),vale d'infrazione redatto dal agente sarà belli data di nascita intermittenti senti fine ora fire enti there infrazione doppia fila luogo via milano tenti forse poi veicolo che panda stare al suo londra effetti si,"Verbale di infrazione redatto dall'agente Sara Bellini. Data: 19/03/2025, ora: 05:23. Infrazione: doppia fila. Luogo: via Milano 24, Torino. Veicolo: Fiat Panda, targa CD456EF.",1.119131326675415,1.375,0.6420454545454546,0.007942181016469338,0.43750000000000006,0.40625000000000006,113.0,tts_models/it/mai_female/glow-tts,female
Vosk STT (Small IT),infrazione riscontrata divieto di sosta posizione via milano tu enti furono torino ora tu enti aerei treni e ehi a data tetti ho tre venti tu enti five auto mercedes classe a targa per è un dritto enti one ma agente anna bianchi,"Infrazione riscontrata: divieto di sosta. Posizione: via Milano 24, Torino. Ora: 23:28, Data: 31/03/2025. Auto: Mercedes Classe A, targa KL321MN. Agente: Anna Bianchi.",0.9737071990966797,1.6956521739130435,0.718562874251497,0.0107801449228252,0.5588235294117647,0.5588235294117647,120.0,tts_models/it/mai_male/glow-tts,male
Vosk STT (Small IT),durante il pattugliamenti in zona via cari va di per firenze l'agente giulia costa fa rilevato una violazione dell'articolo con ma sistema l'auto coinvolta e una fiera andata grata ombre che ti forno alle ore tenti forti si vede lei tendere tenti tenti fine,"Durante il pattugliamento in zona via Garibaldi 11, Firenze, l'agente Giulia Costa ha rilevato una violazione del articolo 7, comma 15. L'auto coinvolta è una Fiat Panda targata FG234LM, alle ore 20:45 del 18/03/2025.",1.0437581539154053,0.9705882352941176,0.45622119815668205,0.043808334417232996,0.4705882352941176,0.4705882352941176,99.0,tts_models/it/mai_female/glow-tts,female
Vosk STT (Small IT),durante il pattugliamento insomma piazza venezia roma l'agente luca verdi a rilevato una violazione dell'articolo ne andrei fitti età con ma tu l'auto coinvolta un'audi sarei targata con fu un tre fitti si se alle ore tara è foro del forte internet venti tu enti five,"Durante il pattugliamento in zona piazza Venezia, Roma, l'agente Luca Verdi ha rilevato una violazione del articolo 158, comma 2. L'auto coinvolta è una Audi A3 targata CD456EF, alle ore 03:54 del 14/03/2025.",0.9788100719451904,1.0909090909090908,0.5625,0.03394516832204829,0.5116279069767442,0.5116279069767442,117.0,tts_models/it/mai_male/glow-tts,male
Vosk STT (Small IT),durante il pattugliamenti sara via per va di firenze gente luca vedi rilevato una violazione dell'articolo fissi la vita con ma l'auto coinvolta e una serio targata forma fissi si alle ore niente ehi stenti mettere tenti tenti file,"Durante il pattugliamento in zona via Garibaldi 11, Firenze, l'agente Luca Verdi ha rilevato una violazione del articolo 158, comma 2. L'auto coinvolta è una BMW Serie 1 targata ZA456QP, alle ore 19:38 del 29/03/2025.",1.296473741531372,0.8857142857142857,0.5023041474654378,0.03511091977922844,0.4,0.4,109.0,tts_models/it/mai_female/glow-tts,female
Vosk STT (Small IT),durante il pattugliamento insana via roma se venti seven palermo la gente luca verdi a rilevato una violazione dell'articolo coloni un tre fitti seven con ma five l'auto coinvolta una realta io targata sa fora un tre fitti si alle ore tu enti fitti erede esistere venti tu enti file,"Durante il pattugliamento in zona via Roma 77, Palermo, l'agente Luca Verdi ha rilevato una violazione del articolo 157, comma 5. L'auto coinvolta è una Renault Clio targata ZA456QP, alle ore 20:53 del 06/03/2025.",1.078855276107788,1.2058823529411764,0.6291079812206573,0.029870113594212773,0.42222222222222217,0.42222222222222217,134.0,tts_models/it/mai_male/glow-tts,male
Vosk STT (Small IT),agente luca verdi in servizio segnalazione di parcheggio su strisce pedonali alle seventeen fatti si telone etere venti tu enti five in via milano tu enti furono torino auto coinvolta o che corsa targa tremiti tenga gatti,"Agente Luca Verdi in servizio. Segnalazione di parcheggio su strisce pedonali alle 17:46 del 01/03/2025, in via Milano 24, Torino. Auto coinvolta: Opel Corsa, targa TR098YU.",0.913766622543335,1.0384615384615385,0.5491329479768786,0.14598906515183774,0.6060606060606061,0.6060606060606061,95.0,tts_models/it/mai_male/glow-tts,male
Vosk STT (Small IT),alla gente gioia cosa allevare sistema polverone per attenti tenti fine può rilevato un infrazione per doppia fila via milano tenti po' fuori veicolo ambientare rabbino le reti senza,"Sono l'agente Giulia Costa. Alle ore 15:04 del 01/03/2025, ho rilevato un'infrazione per doppia fila in via Milano 24, Torino. Veicolo: Audi A3, targa XY987ZT.",1.0219368934631348,1.0,0.6477987421383647,0.036393742223820025,0.3050847457627119,0.3050847457627119,103.0,tts_models/it/mai_female/glow-tts,female
Vosk STT (Small IT),verbale d'infrazione redatto dal agente si viene data che sempre tenti tenti fine ora si sente infrazione parcheggio su strisce pedonali luogo via roba senti se un veicolo quel cosa sta gratitudine,"Verbale di infrazione redatto dall'agente Silvia Neri. Data: 13/03/2025, ora: 06:17. Infrazione: parcheggio su strisce pedonali. Luogo: via Roma 77, Palermo. Veicolo: Opel Corsa, targa TR098YU.",1.0750317573547363,1.0769230769230769,0.44041450777202074,0.034338994985168764,0.4444444444444445,0.4444444444444445,85.0,tts_models/it/mai_female/glow-tts,female
Vosk STT (Small IT),in base alla articolo se con ma fissare la gente giulia costa riscontrato oggi infrazione in via via tenti forse torino alle ore teme forti nine del forse fretta insistenti file veicolo coinvolto serio ne targa che ti forma,"In base al articolo 7, comma 15, l'agente Giulia Costa ha riscontrato un'infrazione in via Milano 24, Torino alle ore 12:49 del 04/03/2025. Veicolo coinvolto: BMW Serie 1, targa FG234LM.",1.0760307312011719,1.0,0.5591397849462365,0.01737720878556081,0.4324324324324324,0.4324324324324324,104.0,tts_models/it/mai_female/glow-tts,female
Vosk STT (Small IT),gente va agenti in servizio segnalazione di doppia fila allevamenti ti ford senti forse tenti tenti file invia roba senti se avremmo dovuto voi mossa allietare targa la se non reti nine,"Agente Marco Gentili in servizio. Segnalazione di doppia fila alle 11:34 del 24/03/2025, in via Roma 77, Palermo. Auto coinvolta: Audi A3, targa GH789IJ.",1.0449204444885254,1.125,0.6601307189542484,0.03280894525012139,0.23728813559322032,0.23728813559322032,101.0,tts_models/it/mai_female/glow-tts,female
Vosk STT (Small IT),verbale di infrazione retata dall'agente mario rossi nata nelle venti tu enti five ora tetti infrazione zona a rimozione luogo via garibaldi è l'evento firenze veicolo percorsa targa che tre un tre tu enti johnny,"Verbale di infrazione redatto dall'agente Mario Rossi. Data: 11/03/2025, ora: 13:06. Infrazione: zona rimozione. Luogo: via Garibaldi 11, Firenze. Veicolo: Opel Corsa, targa KL321MN.",0.8216025829315186,1.2083333333333333,0.521978021978022,0.014782064491589643,0.53125,0.53125,95.0,tts_models/it/mai_male/glow-tts,male
Vosk STT (Small IT),verbale di infrazione redatto dal dall'agente carlo bruni data fury there mentito enti five ora mine one infrazione sosta davanti a passo carabine luogo di a roma se venti seven palermo veicolo fiat panda targa ombre tetti forma,"Verbale di infrazione redatto dall'agente Carlo Bruni. Data: 04/03/2025, ora: 09:01. Infrazione: sosta davanti a passo carrabile. Luogo: via Roma 77, Palermo. Veicolo: Fiat Panda, targa FG234LM.",0.877669095993042,1.0740740740740742,0.4845360824742268,0.09343174834465219,0.6285714285714286,0.6285714285714286,94.0,tts_models/it/mai_male/glow-tts,male
Vosk STT (Small IT),per sentimenti fine ora tensione christine veicolo mercedes usasse per londra e che ti forma in parcheggio su strisce pedonali presso vienna politiche rilevato da agente anna abbiamo,"20/03/2025, ore 21:59: veicolo Mercedes Classe A, targa FG234LM, in parcheggio su strisce pedonali presso via Napoli 5, Napoli. Rilevato da agente Anna Bianchi.",1.0348942279815674,0.875,0.54375,0.19056141256856843,0.43636363636363634,0.43636363636363634,87.0,tts_models/it/mai_female/glow-tts,female
Vosk STT (Small IT),inviterei tenti file ora file fossi tre veicolo toyota vai si carla volevo tenti therese in parcheggio su strisce pedonali presso via del corso pelle rilevato da gente ma accoglienti,"09/03/2025, ore 05:43: veicolo Toyota Yaris, targa AB123CD, in parcheggio su strisce pedonali presso via del Corso 12, Roma. Rilevato da agente Marco Gentili.",0.9595849514007568,0.875,0.5253164556962026,0.23770841795864286,0.456140350877193,0.456140350877193,83.0,tts_models/it/mai_female/glow-tts,female
Vosk STT (Small IT),agente sarà bellini in servizio segnalazione di doppia fila alle fury ha tirati erede il tahir ticket mentito enti five in corso buenos aires minetti età milano auto coinvolta avviata re targa frutta o un tre tetti forno,"Agente Sara Bellini in servizio. Segnalazione di doppia fila alle 04:33 del 30/03/2025, in corso Buenos Aires 98, Milano. Auto coinvolta: Audi A3, targa FG234LM.",0.8600194454193115,1.2,0.6708074534161491,0.07752754416079366,0.5151515151515151,0.5151515151515151,108.0,tts_models/it/mai_male/glow-tts,male
Vosk STT (Small IT),giorno stenta re enti tu enti five alle ore tu enti tuo tione è stato segnalata un'infrazione per parcheggio su strisce pedonali invia napoli five napoli veicolo coinvolto volkswagen golf targa tra nine ti ehi che tu agente si via neri,"Il giorno 16/03/2025, alle ore 22:31, è stata segnalata un’infrazione per parcheggio su strisce pedonali in via Napoli 5, Napoli. Veicolo coinvolto: Volkswagen Golf, targa TR098YU. Agente: Silvia Neri.",0.8657870292663574,1.103448275862069,0.44776119402985076,0.11031958317774526,0.5753424657534246,0.547945205479452,90.0,tts_models/it/mai_male/glow-tts,male
Vosk STT (Small IT),durante il pattugliamento insomma corso buenos aires sfiniti eta milano l'agente luca aver dita rilevato una violazione dell'articolo seven con ma fitti l'auto coinvolta una toyota gary stancata ombretta io fury alle ore fitte in seventeen del tuo enti tuo terry venti tu enti five,"Durante il pattugliamento in zona corso Buenos Aires 98, Milano, l'agente Luca Verdi ha rilevato una violazione del articolo 7, comma 15. L'auto coinvolta è una Toyota Yaris targata FG234LM, alle ore 15:17 del 22/03/2025.",1.0171589851379395,1.0,0.5475113122171946,0.0347260272613326,0.5287356321839081,0.5057471264367815,121.0,tts_models/it/mai_male/glow-tts,male
Vosk STT (Small IT),verbale d'infrazione redatto dal agente si viene data pensi sempre te insistenti fine ora si tempo infrazione doppia fila luogo via del corso te vero veicolo quel corsa paragrafo non redenti faresti,"Verbale di infrazione redatto dall'agente Silvia Neri. Data: 27/03/2025, ora: 16:48. Infrazione: doppia fila. Luogo: via del Corso 12, Roma. Veicolo: Opel Corsa, targa AB123CD.",1.2383756637573242,1.16,0.5397727272727273,0.015514392335273455,0.4838709677419355,0.4838709677419355,95.0,tts_models/it/mai_female/glow-tts,female
Vosk STT (Small IT),invase all'articolo seven con ma fitte l'agente giulia costa riscontrato un'infrazione invia garibaldi è l'evento firenze alle ore furono forti nine del forte interezza venti tu enti five veicolo coinvolto volkswagen golf targa tre un tre tu enti johnny,"In base al articolo 7, comma 15, l'agente Giulia Costa ha riscontrato un'infrazione in via Garibaldi 11, Firenze alle ore 04:49 del 14/03/2025. Veicolo coinvolto: Volkswagen Golf, targa KL321MN.",1.177642822265625,1.1724137931034482,0.5979381443298969,0.016319013503995054,0.4736842105263158,0.4736842105263158,116.0,tts_models/it/mai_male/glow-tts,male
Vosk STT (Small IT),sono l'agente carlo bruni alle ore tu enti tu occhi e ti età del tuo enti tuo territorio sentito tu enti five o rilevato un'infrazione per sosta davanti a passo carabine invia napoli five napoli veicolo tooth a aris targa terra è un diretto enti one ma,"Sono l'agente Carlo Bruni. Alle ore 22:38 del 22/03/2025, ho rilevato un'infrazione per sosta davanti a passo carrabile in via Napoli 5, Napoli. Veicolo: Toyota Yaris, targa KL321MN.",0.9786205291748047,1.2857142857142858,0.6703296703296703,0.13251445746341228,0.4938271604938272,0.4938271604938272,122.0,tts_models/it/mai_male/glow-tts,male
Vosk STT (Small IT),giorno perché tenti tenti file alle ore forse è stata segnalata un'infrazione per divieto di sosta in corso vuoi no si si rimetti eta via veicolo coinvolto serio ne furono si si si gente luca verdi,"Il giorno 28/03/2025, alle ore 04:40, è stata segnalata un’infrazione per divieto di sosta in corso Buenos Aires 98, Milano. Veicolo coinvolto: BMW Serie 1, targa CD456EF. Agente: Luca Verdi.",1.2767531871795654,0.8333333333333334,0.4293193717277487,0.17864866390812006,0.49275362318840576,0.49275362318840576,82.0,tts_models/it/mai_female/glow-tts,female
Vosk STT (Small IT),in base alla allatti coloni un tre fitti seven con ma five l'agente marco gentili a riscontrate un'infrazione invia napoli five napoli alle ore tarea festivo ne del terrei terry venti tu enti five veicolo coinvolto ma mossa rione targa che tre un tratto enti johnny,"In base al articolo 157, comma 5, l'agente Marco Gentili ha riscontrato un'infrazione in via Napoli 5, Napoli alle ore 03:51 del 03/03/2025. Veicolo coinvolto: BMW Serie 1, targa KL321MN.",1.2273602485656738,1.3333333333333333,0.7165775401069518,0.011955001291462567,0.38554216867469876,0.38554216867469876,134.0,tts_models/it/mai_male/glow-tts,male
Vosk STT (Small IT),infrazione riscontrata doppia fila posizione piazza beh sia ora che pensi se data estendere tenti tenti fine volo panda solo congressisti si gente ma io rossi,"Infrazione riscontrata: doppia fila. Posizione: piazza Venezia, Roma. Ora: 13:27, Data: 13/03/2025. Auto: Fiat Panda, targa CD456EF. Agente: Mario Rossi.",1.0654222965240479,1.2,0.5294117647058824,0.008640609739997756,0.40816326530612246,0.40816326530612246,81.0,tts_models/it/mai_female/glow-tts,female
Vosk STT (Small IT),sono l'agente anna bianchi alle ore forte in dirti si te seven tentare venti tu enti five o rilevato un'infrazione per sosta davanti a passo carabine abile invia mila no tu enti furono torino veicolo è panda targa i nine un re dei disse venza,"Sono l'agente Anna Bianchi. Alle ore 14:36 del 17/03/2025, ho rilevato un'infrazione per sosta davanti a passo carrabile in via Milano 24, Torino. Veicolo: Fiat Panda, targa XY987ZT.",0.9819676876068115,1.25,0.6318681318681318,0.13861101660212471,0.5063291139240507,0.48101265822784817,115.0,tts_models/it/mai_male/glow-tts,male
Vosk STT (Small IT),infrazione riscontrata accesso vietato posizione vie napoli five napoli ora one menti nine data sistema intere venti tu enti five auto più corsa targa tre minetti e che tu agente mario rossi,"Infrazione riscontrata: accesso vietato. Posizione: via Napoli 5, Napoli. Ora: 01:29, Data: 16/03/2025. Auto: Opel Corsa, targa TR098YU. Agente: Mario Rossi.",1.2831950187683105,1.4285714285714286,0.5923566878980892,0.006938247178254633,0.5357142857142857,0.5357142857142857,93.0,tts_models/it/mai_male/glow-tts,male
Vosk STT (Small IT),invasa da piccolo onde fissi sempre con ma file l'agente sarà bellini riscontrato un infrazione in via per va di firenze alle ore sistemare del serve per venti tenti file veicolo coinvolto serio ne furono si si si,"In base al articolo 157, comma 5, l'agente Sara Bellini ha riscontrato un'infrazione in via Garibaldi 11, Firenze alle ore 15:01 del 12/03/2025. Veicolo coinvolto: BMW Serie 1, targa CD456EF.",1.3027055263519287,1.0666666666666667,0.5654450261780105,0.01676652429098026,0.37837837837837845,0.37837837837837845,108.0,tts_models/it/mai_female/glow-tts,female
Vosk STT (Small IT),durante il pattugliamento insana via garibaldi è l'evento firenze l'agente luca verdi a rilevato una violazione dell'articolo ne un tre fitti eta con ma tu l'auto coinvolta una boom serio ne targata ti tre un tre tu antigone alle ore seventeen intende l'elementare venti tu enti five,"Durante il pattugliamento in zona via Garibaldi 11, Firenze, l'agente Luca Verdi ha rilevato una violazione del articolo 158, comma 2. L'auto coinvolta è una BMW Serie 1 targata KL321MN, alle ore 17:10 del 11/03/2025.",1.0580272674560547,1.0571428571428572,0.576036866359447,0.03319866468914289,0.4666666666666667,0.4666666666666667,125.0,tts_models/it/mai_male/glow-tts,male
Vosk STT (Small IT),te lettere senti tenti file ora che tensione veicolo miserie one targa essere non dei in in lei in doppia fila presso via roba senti se thaler rilevato da agente giulia cosa,"23/03/2025, ore 13:21: veicolo BMW Serie 1, targa GH789IJ, in doppia fila presso via Roma 77, Palermo. Rilevato da agente Giulia Costa.",0.9926128387451172,1.0909090909090908,0.674074074074074,0.13299435570305865,0.3859649122807018,0.3859649122807018,91.0,tts_models/it/mai_female/glow-tts,female
Vosk STT (Small IT),tutte le senti venti file corone enti file veicolo col sa già cosa seria onde che si forma in sosta davanti a passo arrabbi represso via e forti fine catan rilevato da gente si viene,"22/03/2025, ore 01:25: veicolo Volkswagen Golf, targa FG234LM, in sosta davanti a passo carrabile presso via Etnea 45, Catania. Rilevato da agente Silvia Neri.",0.9489281177520752,1.125,0.610062893081761,0.11117895489854909,0.2903225806451613,0.2903225806451613,97.0,tts_models/it/mai_female/glow-tts,female
